{"cameraMode":{"drawMode":0,"name":"Shaded","section":"Shading Mode"},"sceneLighting":true,"audioPlay":false,"sceneViewState":{"m_AlwaysRefresh":false,"showFog":true,"showSkybox":true,"showFlares":true,"showImageEffects":true,"showParticleSystems":true,"showVisualEffectGraphs":true,"m_FxEnabled":true},"in2DMode":false,"pivot":{"x":1054.99853515625,"y":479.0439453125,"z":213.43563842773438},"rotation":{"x":-0.0002612041134852916,"y":0.9997175335884094,"z":0.013187428005039692,"w":0.019798027351498605},"size":309.4090270996094,"orthographic":false}